-- phpMyAdmin SQL Dump
-- version 4.8.5
-- https://www.phpmyadmin.net/
--
-- Host: 127.0.0.1
-- Generation Time: Feb 04, 2020 at 10:56 PM
-- Server version: 10.1.38-MariaDB
-- PHP Version: 7.3.3

SET SQL_MODE = "NO_AUTO_VALUE_ON_ZERO";
SET AUTOCOMMIT = 0;
START TRANSACTION;
SET time_zone = "+00:00";


/*!40101 SET @OLD_CHARACTER_SET_CLIENT=@@CHARACTER_SET_CLIENT */;
/*!40101 SET @OLD_CHARACTER_SET_RESULTS=@@CHARACTER_SET_RESULTS */;
/*!40101 SET @OLD_COLLATION_CONNECTION=@@COLLATION_CONNECTION */;
/*!40101 SET NAMES utf8mb4 */;

--
-- Database: `road_reportingdb`
--

-- --------------------------------------------------------

--
-- Table structure for table `admin`
--

CREATE TABLE `admin` (
  `id` int(11) NOT NULL,
  `name` varchar(100) NOT NULL,
  `password` varchar(100) NOT NULL
) ENGINE=InnoDB DEFAULT CHARSET=utf8;

--
-- Dumping data for table `admin`
--

INSERT INTO `admin` (`id`, `name`, `password`) VALUES
(1, 'admin', 'admin');

-- --------------------------------------------------------

--
-- Table structure for table `comments`
--

CREATE TABLE `comments` (
  `id` int(11) NOT NULL,
  `report_id` int(11) NOT NULL,
  `name` varchar(100) NOT NULL DEFAULT '0',
  `comments` varchar(500) NOT NULL DEFAULT '0',
  `time` timestamp NULL DEFAULT CURRENT_TIMESTAMP
) ENGINE=InnoDB DEFAULT CHARSET=utf8;

-- --------------------------------------------------------

--
-- Table structure for table `local_governments`
--

CREATE TABLE `local_governments` (
  `id` int(11) NOT NULL,
  `state_id` int(10) NOT NULL,
  `name` varchar(255) NOT NULL
) ENGINE=InnoDB DEFAULT CHARSET=utf32 COMMENT='Local governments in Nigeria.';

--
-- Dumping data for table `local_governments`
--

INSERT INTO `local_governments` (`id`, `state_id`, `name`) VALUES
(1, 1, 'Aba North'),
(2, 1, 'Aba South'),
(3, 1, 'Arochukwu'),
(4, 1, 'Bende'),
(5, 1, 'Ikwuano'),
(6, 1, 'Isiala Ngwa North'),
(7, 1, 'Isiala Ngwa South'),
(8, 1, 'Isuikwuato'),
(9, 1, 'Obi Ngwa'),
(10, 1, 'Ohafia'),
(11, 1, 'Osisioma'),
(12, 1, 'Ugwunagbo'),
(13, 1, 'Ukwa East'),
(14, 1, 'Ukwa West'),
(15, 1, 'Umuahia North'),
(16, 1, 'Umuahia South'),
(17, 1, 'Umu Nneochi'),
(18, 2, 'Demsa'),
(19, 2, 'Fufure'),
(20, 2, 'Ganye'),
(21, 2, 'Gayuk'),
(22, 2, 'Gombi'),
(23, 2, 'Grie'),
(24, 2, 'Hong'),
(25, 2, 'Jada'),
(26, 2, 'Larmurde'),
(27, 2, 'Madagali'),
(28, 2, 'Maiha'),
(29, 2, 'Mayo Belwa'),
(30, 2, 'Michika'),
(31, 2, 'Mubi North'),
(32, 2, 'Mubi South'),
(33, 2, 'Numan'),
(34, 2, 'Shelleng'),
(35, 2, 'Song'),
(36, 2, 'Toungo'),
(37, 2, 'Yola North'),
(38, 2, 'Yola South'),
(39, 3, 'Abak'),
(40, 3, 'Eastern Obolo'),
(41, 3, 'Eket'),
(42, 3, 'Esit Eket'),
(43, 3, 'Essien Udim'),
(44, 3, 'Etim Ekpo'),
(45, 3, 'Etinan'),
(46, 3, 'Ibeno'),
(47, 3, 'Ibesikpo Asutan'),
(48, 3, 'Ibiono-Ibom'),
(49, 3, 'Ika'),
(50, 3, 'Ikono'),
(51, 3, 'Ikot Abasi'),
(52, 3, 'Ikot Ekpene'),
(53, 3, 'Ini'),
(54, 3, 'Itu'),
(55, 3, 'Mbo'),
(56, 3, 'Mkpat-Enin'),
(57, 3, 'Nsit-Atai'),
(58, 3, 'Nsit-Ibom'),
(59, 3, 'Nsit-Ubium'),
(60, 3, 'Obot Akara'),
(61, 3, 'Okobo'),
(62, 3, 'Onna'),
(63, 3, 'Oron'),
(64, 3, 'Oruk Anam'),
(65, 3, 'Udung-Uko'),
(66, 3, 'Ukanafun'),
(67, 3, 'Uruan'),
(68, 3, 'Urue-Offong/Oruko'),
(69, 3, 'Uyo'),
(70, 4, 'Aguata'),
(71, 4, 'Anambra East'),
(72, 4, 'Anambra West'),
(73, 4, 'Anaocha'),
(74, 4, 'Awka North'),
(75, 4, 'Awka South'),
(76, 4, 'Ayamelum'),
(77, 4, 'Dunukofia'),
(78, 4, 'Ekwusigo'),
(79, 4, 'Idemili North'),
(80, 4, 'Idemili South'),
(81, 4, 'Ihiala'),
(82, 4, 'Njikoka'),
(83, 4, 'Nnewi North'),
(84, 4, 'Nnewi South'),
(85, 4, 'Ogbaru'),
(86, 4, 'Onitsha North'),
(87, 4, 'Onitsha South'),
(88, 4, 'Orumba North'),
(89, 4, 'Orumba South'),
(90, 4, 'Oyi'),
(91, 5, 'Alkaleri'),
(92, 5, 'Bauchi'),
(93, 5, 'Bogoro'),
(94, 5, 'Damban'),
(95, 5, 'Darazo'),
(96, 5, 'Dass'),
(97, 5, 'Gamawa'),
(98, 5, 'Ganjuwa'),
(99, 5, 'Giade'),
(100, 5, 'Itas/Gadau'),
(101, 5, 'Jama\'are'),
(102, 5, 'Katagum'),
(103, 5, 'Kirfi'),
(104, 5, 'Misau'),
(105, 5, 'Ningi'),
(106, 5, 'Shira'),
(107, 5, 'Tafawa Balewa'),
(108, 5, 'Toro'),
(109, 5, 'Warji'),
(110, 5, 'Zaki'),
(111, 6, 'Brass'),
(112, 6, 'Ekeremor'),
(113, 6, 'Kolokuma/Opokuma'),
(114, 6, 'Nembe'),
(115, 6, 'Ogbia'),
(116, 6, 'Sagbama'),
(117, 6, 'Southern Ijaw'),
(118, 6, 'Yenagoa'),
(119, 7, 'Agatu'),
(120, 7, 'Apa'),
(121, 7, 'Ado'),
(122, 7, 'Buruku'),
(123, 7, 'Gboko'),
(124, 7, 'Guma'),
(125, 7, 'Gwer East'),
(126, 7, 'Gwer West'),
(127, 7, 'Katsina-Ala'),
(128, 7, 'Konshisha'),
(129, 7, 'Kwande'),
(130, 7, 'Logo'),
(131, 7, 'Makurdi'),
(132, 7, 'Obi'),
(133, 7, 'Ogbadibo'),
(134, 7, 'Ohimini'),
(135, 7, 'Oju'),
(136, 7, 'Okpokwu'),
(137, 7, 'Oturkpo'),
(138, 7, 'Tarka'),
(139, 7, 'Ukum'),
(140, 7, 'Ushongo'),
(141, 7, 'Vandeikya'),
(142, 8, 'Abadam'),
(143, 8, 'Askira/Uba'),
(144, 8, 'Bama'),
(145, 8, 'Bayo'),
(146, 8, 'Biu'),
(147, 8, 'Chibok'),
(148, 8, 'Damboa'),
(149, 8, 'Dikwa'),
(150, 8, 'Gubio'),
(151, 8, 'Guzamala'),
(152, 8, 'Gwoza'),
(153, 8, 'Hawul'),
(154, 8, 'Jere'),
(155, 8, 'Kaga'),
(156, 8, 'Kala/Balge'),
(157, 8, 'Konduga'),
(158, 8, 'Kukawa'),
(159, 8, 'Kwaya Kusar'),
(160, 8, 'Mafa'),
(161, 8, 'Magumeri'),
(162, 8, 'Maiduguri'),
(163, 8, 'Marte'),
(164, 8, 'Mobbar'),
(165, 8, 'Monguno'),
(166, 8, 'Ngala'),
(167, 8, 'Nganzai'),
(168, 8, 'Shani'),
(169, 9, 'Abi'),
(170, 9, 'Akamkpa'),
(171, 9, 'Akpabuyo'),
(172, 9, 'Bakassi'),
(173, 9, 'Bekwarra'),
(174, 9, 'Biase'),
(175, 9, 'Boki'),
(176, 9, 'Calabar Municipal'),
(177, 9, 'Calabar South'),
(178, 9, 'Etung'),
(179, 9, 'Ikom'),
(180, 9, 'Obanliku'),
(181, 9, 'Obubra'),
(182, 9, 'Obudu'),
(183, 9, 'Odukpani'),
(184, 9, 'Ogoja'),
(185, 9, 'Yakuur'),
(186, 9, 'Yala'),
(187, 10, 'Aniocha North'),
(188, 10, 'Aniocha South'),
(189, 10, 'Bomadi'),
(190, 10, 'Burutu'),
(191, 10, 'Ethiope East'),
(192, 10, 'Ethiope West'),
(193, 10, 'Ika North East'),
(194, 10, 'Ika South'),
(195, 10, 'Isoko North'),
(196, 10, 'Isoko South'),
(197, 10, 'Ndokwa East'),
(198, 10, 'Ndokwa West'),
(199, 10, 'Okpe'),
(200, 10, 'Oshimili North'),
(201, 10, 'Oshimili South'),
(202, 10, 'Patani'),
(203, 10, 'Sapele, Delta'),
(204, 10, 'Udu'),
(205, 10, 'Ughelli North'),
(206, 10, 'Ughelli South'),
(207, 10, 'Ukwuani'),
(208, 10, 'Uvwie'),
(209, 10, 'Warri North'),
(210, 10, 'Warri South'),
(211, 10, 'Warri South West'),
(212, 11, 'Abakaliki'),
(213, 11, 'Afikpo North'),
(214, 11, 'Afikpo South'),
(215, 11, 'Ebonyi'),
(216, 11, 'Ezza North'),
(217, 11, 'Ezza South'),
(218, 11, 'Ikwo'),
(219, 11, 'Ishielu'),
(220, 11, 'Ivo'),
(221, 11, 'Izzi'),
(222, 11, 'Ohaozara'),
(223, 11, 'Ohaukwu'),
(224, 11, 'Onicha'),
(225, 12, 'Akoko-Edo'),
(226, 12, 'Egor'),
(227, 12, 'Esan Central'),
(228, 12, 'Esan North-East'),
(229, 12, 'Esan South-East'),
(230, 12, 'Esan West'),
(231, 12, 'Etsako Central'),
(232, 12, 'Etsako East'),
(233, 12, 'Etsako West'),
(234, 12, 'Igueben'),
(235, 12, 'Ikpoba Okha'),
(236, 12, 'Orhionmwon'),
(237, 12, 'Oredo'),
(238, 12, 'Ovia North-East'),
(239, 12, 'Ovia South-West'),
(240, 12, 'Owan East'),
(241, 12, 'Owan West'),
(242, 12, 'Uhunmwonde'),
(243, 13, 'Ado Ekiti'),
(244, 13, 'Efon'),
(245, 13, 'Ekiti East'),
(246, 13, 'Ekiti South-West'),
(247, 13, 'Ekiti West'),
(248, 13, 'Emure'),
(249, 13, 'Gbonyin'),
(250, 13, 'Ido Osi'),
(251, 13, 'Ijero'),
(252, 13, 'Ikere'),
(253, 13, 'Ikole'),
(254, 13, 'Ilejemeje'),
(255, 13, 'Irepodun/Ifelodun'),
(256, 13, 'Ise/Orun'),
(257, 13, 'Moba'),
(258, 13, 'Oye'),
(259, 14, 'Aninri'),
(260, 14, 'Awgu'),
(261, 14, 'Enugu East'),
(262, 14, 'Enugu North'),
(263, 14, 'Enugu South'),
(264, 14, 'Ezeagu'),
(265, 14, 'Igbo Etiti'),
(266, 14, 'Igbo Eze North'),
(267, 14, 'Igbo Eze South'),
(268, 14, 'Isi Uzo'),
(269, 14, 'Nkanu East'),
(270, 14, 'Nkanu West'),
(271, 14, 'Nsukka'),
(272, 14, 'Oji River'),
(273, 14, 'Udenu'),
(274, 14, 'Udi'),
(275, 14, 'Uzo Uwani'),
(276, 15, 'Abaji'),
(277, 15, 'Bwari'),
(278, 15, 'Gwagwalada'),
(279, 15, 'Kuje'),
(280, 15, 'Kwali'),
(281, 15, 'Municipal Area Council'),
(282, 16, 'Akko'),
(283, 16, 'Balanga'),
(284, 16, 'Billiri'),
(285, 16, 'Dukku'),
(286, 16, 'Funakaye'),
(287, 16, 'Gombe'),
(288, 16, 'Kaltungo'),
(289, 16, 'Kwami'),
(290, 16, 'Nafada'),
(291, 16, 'Shongom'),
(292, 16, 'Yamaltu/Deba'),
(293, 17, 'Aboh Mbaise'),
(294, 17, 'Ahiazu Mbaise'),
(295, 17, 'Ehime Mbano'),
(296, 17, 'Ezinihitte'),
(297, 17, 'Ideato North'),
(298, 17, 'Ideato South'),
(299, 17, 'Ihitte/Uboma'),
(300, 17, 'Ikeduru'),
(301, 17, 'Isiala Mbano'),
(302, 17, 'Isu'),
(303, 17, 'Mbaitoli'),
(304, 17, 'Ngor Okpala'),
(305, 17, 'Njaba'),
(306, 17, 'Nkwerre'),
(307, 17, 'Nwangele'),
(308, 17, 'Obowo'),
(309, 17, 'Oguta'),
(310, 17, 'Ohaji/Egbema'),
(311, 17, 'Okigwe'),
(312, 17, 'Orlu'),
(313, 17, 'Orsu'),
(314, 17, 'Oru East'),
(315, 17, 'Oru West'),
(316, 17, 'Owerri Municipal'),
(317, 17, 'Owerri North'),
(318, 17, 'Owerri West'),
(319, 17, 'Unuimo'),
(320, 18, 'Auyo'),
(321, 18, 'Babura'),
(322, 18, 'Biriniwa'),
(323, 18, 'Birnin Kudu'),
(324, 18, 'Buji'),
(325, 18, 'Dutse'),
(326, 18, 'Gagarawa'),
(327, 18, 'Garki'),
(328, 18, 'Gumel'),
(329, 18, 'Guri'),
(330, 18, 'Gwaram'),
(331, 18, 'Gwiwa'),
(332, 18, 'Hadejia'),
(333, 18, 'Jahun'),
(334, 18, 'Kafin Hausa'),
(335, 18, 'Kazaure'),
(336, 18, 'Kiri Kasama'),
(337, 18, 'Kiyawa'),
(338, 18, 'Kaugama'),
(339, 18, 'Maigatari'),
(340, 18, 'Malam Madori'),
(341, 18, 'Miga'),
(342, 18, 'Ringim'),
(343, 18, 'Roni'),
(344, 18, 'Sule Tankarkar'),
(345, 18, 'Taura'),
(346, 18, 'Yankwashi'),
(347, 19, 'Birnin Gwari'),
(348, 19, 'Chikun'),
(349, 19, 'Giwa'),
(350, 19, 'Igabi'),
(351, 19, 'Ikara'),
(352, 19, 'Jaba'),
(353, 19, 'Jema\'a'),
(354, 19, 'Kachia'),
(355, 19, 'Kaduna North'),
(356, 19, 'Kaduna South'),
(357, 19, 'Kagarko'),
(358, 19, 'Kajuru'),
(359, 19, 'Kaura'),
(360, 19, 'Kauru'),
(361, 19, 'Kubau'),
(362, 19, 'Kudan'),
(363, 19, 'Lere'),
(364, 19, 'Makarfi'),
(365, 19, 'Sabon Gari'),
(366, 19, 'Sanga'),
(367, 19, 'Soba'),
(368, 19, 'Zangon Kataf'),
(369, 19, 'Zaria'),
(370, 20, 'Ajingi'),
(371, 20, 'Albasu'),
(372, 20, 'Bagwai'),
(373, 20, 'Bebeji'),
(374, 20, 'Bichi'),
(375, 20, 'Bunkure'),
(376, 20, 'Dala'),
(377, 20, 'Dambatta'),
(378, 20, 'Dawakin Kudu'),
(379, 20, 'Dawakin Tofa'),
(380, 20, 'Doguwa'),
(381, 20, 'Fagge'),
(382, 20, 'Gabasawa'),
(383, 20, 'Garko'),
(384, 20, 'Garun Mallam'),
(385, 20, 'Gaya'),
(386, 20, 'Gezawa'),
(387, 20, 'Gwale'),
(388, 20, 'Gwarzo'),
(389, 20, 'Kabo'),
(390, 20, 'Kano Municipal'),
(391, 20, 'Karaye'),
(392, 20, 'Kibiya'),
(393, 20, 'Kiru'),
(394, 20, 'Kumbotso'),
(395, 20, 'Kunchi'),
(396, 20, 'Kura'),
(397, 20, 'Madobi'),
(398, 20, 'Makoda'),
(399, 20, 'Minjibir'),
(400, 20, 'Nasarawa'),
(401, 20, 'Rano'),
(402, 20, 'Rimin Gado'),
(403, 20, 'Rogo'),
(404, 20, 'Shanono'),
(405, 20, 'Sumaila'),
(406, 20, 'Takai'),
(407, 20, 'Tarauni'),
(408, 20, 'Tofa'),
(409, 20, 'Tsanyawa'),
(410, 20, 'Tudun Wada'),
(411, 20, 'Ungogo'),
(412, 20, 'Warawa'),
(413, 20, 'Wudil'),
(414, 21, 'Bakori'),
(415, 21, 'Batagarawa'),
(416, 21, 'Batsari'),
(417, 21, 'Baure'),
(418, 21, 'Bindawa'),
(419, 21, 'Charanchi'),
(420, 21, 'Dandume'),
(421, 21, 'Danja'),
(422, 21, 'Dan Musa'),
(423, 21, 'Daura'),
(424, 21, 'Dutsi'),
(425, 21, 'Dutsin Ma'),
(426, 21, 'Faskari'),
(427, 21, 'Funtua'),
(428, 21, 'Ingawa'),
(429, 21, 'Jibia'),
(430, 21, 'Kafur'),
(431, 21, 'Kaita'),
(432, 21, 'Kankara'),
(433, 21, 'Kankia'),
(434, 21, 'Katsina'),
(435, 21, 'Kurfi'),
(436, 21, 'Kusada'),
(437, 21, 'Mai\'Adua'),
(438, 21, 'Malumfashi'),
(439, 21, 'Mani'),
(440, 21, 'Mashi'),
(441, 21, 'Matazu'),
(442, 21, 'Musawa'),
(443, 21, 'Rimi'),
(444, 21, 'Sabuwa'),
(445, 21, 'Safana'),
(446, 21, 'Sandamu'),
(447, 21, 'Zango'),
(448, 22, 'Aleiro'),
(449, 22, 'Arewa Dandi'),
(450, 22, 'Argungu'),
(451, 22, 'Augie'),
(452, 22, 'Bagudo'),
(453, 22, 'Birnin Kebbi'),
(454, 22, 'Bunza'),
(455, 22, 'Dandi'),
(456, 22, 'Fakai'),
(457, 22, 'Gwandu'),
(458, 22, 'Jega'),
(459, 22, 'Kalgo'),
(460, 22, 'Koko/Besse'),
(461, 22, 'Maiyama'),
(462, 22, 'Ngaski'),
(463, 22, 'Sakaba'),
(464, 22, 'Shanga'),
(465, 22, 'Suru'),
(466, 22, 'Wasagu/Danko'),
(467, 22, 'Yauri'),
(468, 22, 'Zuru'),
(469, 23, 'Adavi'),
(470, 23, 'Ajaokuta'),
(471, 23, 'Ankpa'),
(472, 23, 'Bassa'),
(473, 23, 'Dekina'),
(474, 23, 'Ibaji'),
(475, 23, 'Idah'),
(476, 23, 'Igalamela Odolu'),
(477, 23, 'Ijumu'),
(478, 23, 'Kabba/Bunu'),
(479, 23, 'Kogi'),
(480, 23, 'Lokoja'),
(481, 23, 'Mopa Muro'),
(482, 23, 'Ofu'),
(483, 23, 'Ogori/Magongo'),
(484, 23, 'Okehi'),
(485, 23, 'Okene'),
(486, 23, 'Olamaboro'),
(487, 23, 'Omala'),
(488, 23, 'Yagba East'),
(489, 23, 'Yagba West'),
(490, 24, 'Asa'),
(491, 24, 'Baruten'),
(492, 24, 'Edu'),
(493, 24, 'Ekiti, Kwara State'),
(494, 24, 'Ifelodun'),
(495, 24, 'Ilorin East'),
(496, 24, 'Ilorin South'),
(497, 24, 'Ilorin West'),
(498, 24, 'Irepodun'),
(499, 24, 'Isin'),
(500, 24, 'Kaiama'),
(501, 24, 'Moro'),
(502, 24, 'Offa'),
(503, 24, 'Oke Ero'),
(504, 24, 'Oyun'),
(505, 24, 'Pategi'),
(506, 25, 'Agege'),
(507, 25, 'Ajeromi-Ifelodun'),
(508, 25, 'Alimosho'),
(509, 25, 'Amuwo-Odofin'),
(510, 25, 'Apapa'),
(511, 25, 'Badagry'),
(512, 25, 'Epe'),
(513, 25, 'Eti Osa'),
(514, 25, 'Ibeju-Lekki'),
(515, 25, 'Ifako-Ijaiye'),
(516, 25, 'Ikeja'),
(517, 25, 'Ikorodu'),
(518, 25, 'Kosofe'),
(519, 25, 'Lagos Island'),
(520, 25, 'Lagos Mainland'),
(521, 25, 'Mushin'),
(522, 25, 'Ojo'),
(523, 25, 'Oshodi-Isolo'),
(524, 25, 'Shomolu'),
(525, 25, 'Surulere, Lagos State'),
(526, 26, 'Akwanga'),
(527, 26, 'Awe'),
(528, 26, 'Doma'),
(529, 26, 'Karu'),
(530, 26, 'Keana'),
(531, 26, 'Keffi'),
(532, 26, 'Kokona'),
(533, 26, 'Lafia'),
(534, 26, 'Nasarawa'),
(535, 26, 'Nasarawa Egon'),
(536, 26, 'Obi'),
(537, 26, 'Toto'),
(538, 26, 'Wamba'),
(539, 27, 'Agaie'),
(540, 27, 'Agwara'),
(541, 27, 'Bida'),
(542, 27, 'Borgu'),
(543, 27, 'Bosso'),
(544, 27, 'Chanchaga'),
(545, 27, 'Edati'),
(546, 27, 'Gbako'),
(547, 27, 'Gurara'),
(548, 27, 'Katcha'),
(549, 27, 'Kontagora'),
(550, 27, 'Lapai'),
(551, 27, 'Lavun'),
(552, 27, 'Magama'),
(553, 27, 'Mariga'),
(554, 27, 'Mashegu'),
(555, 27, 'Mokwa'),
(556, 27, 'Moya'),
(557, 27, 'Paikoro'),
(558, 27, 'Rafi'),
(559, 27, 'Rijau'),
(560, 27, 'Shiroro'),
(561, 27, 'Suleja'),
(562, 27, 'Tafa'),
(563, 27, 'Wushishi'),
(564, 28, 'Abeokuta North'),
(565, 28, 'Abeokuta South'),
(566, 28, 'Ado-Odo/Ota'),
(567, 28, 'Egbado North'),
(568, 28, 'Egbado South'),
(569, 28, 'Ewekoro'),
(570, 28, 'Ifo'),
(571, 28, 'Ijebu East'),
(572, 28, 'Ijebu North'),
(573, 28, 'Ijebu North East'),
(574, 28, 'Ijebu Ode'),
(575, 28, 'Ikenne'),
(576, 28, 'Imeko Afon'),
(577, 28, 'Ipokia'),
(578, 28, 'Obafemi Owode'),
(579, 28, 'Odeda'),
(580, 28, 'Odogbolu'),
(581, 28, 'Ogun Waterside'),
(582, 28, 'Remo North'),
(583, 28, 'Shagamu'),
(584, 29, 'Akoko North-East'),
(585, 29, 'Akoko North-West'),
(586, 29, 'Akoko South-West'),
(587, 29, 'Akoko South-East'),
(588, 29, 'Akure North'),
(589, 29, 'Akure South'),
(590, 29, 'Ese Odo'),
(591, 29, 'Idanre'),
(592, 29, 'Ifedore'),
(593, 29, 'Ilaje'),
(594, 29, 'Ile Oluji/Okeigbo'),
(595, 29, 'Irele'),
(596, 29, 'Odigbo'),
(597, 29, 'Okitipupa'),
(598, 29, 'Ondo East'),
(599, 29, 'Ondo West'),
(600, 29, 'Ose'),
(601, 29, 'Owo'),
(602, 30, 'Atakunmosa East'),
(603, 30, 'Atakunmosa West'),
(604, 30, 'Aiyedaade'),
(605, 30, 'Aiyedire'),
(606, 30, 'Boluwaduro'),
(607, 30, 'Boripe'),
(608, 30, 'Ede North'),
(609, 30, 'Ede South'),
(610, 30, 'Ife Central'),
(611, 30, 'Ife East'),
(612, 30, 'Ife North'),
(613, 30, 'Ife South'),
(614, 30, 'Egbedore'),
(615, 30, 'Ejigbo'),
(616, 30, 'Ifedayo'),
(617, 30, 'Ifelodun'),
(618, 30, 'Ila'),
(619, 30, 'Ilesa East'),
(620, 30, 'Ilesa West'),
(621, 30, 'Irepodun'),
(622, 30, 'Irewole'),
(623, 30, 'Isokan'),
(624, 30, 'Iwo'),
(625, 30, 'Obokun'),
(626, 30, 'Odo Otin'),
(627, 30, 'Ola Oluwa'),
(628, 30, 'Olorunda'),
(629, 30, 'Oriade'),
(630, 30, 'Orolu'),
(631, 30, 'Osogbo'),
(632, 31, 'Afijio'),
(633, 31, 'Akinyele'),
(634, 31, 'Atiba'),
(635, 31, 'Atisbo'),
(636, 31, 'Egbeda'),
(637, 31, 'Ibadan North'),
(638, 31, 'Ibadan North-East'),
(639, 31, 'Ibadan North-West'),
(640, 31, 'Ibadan South-East'),
(641, 31, 'Ibadan South-West'),
(642, 31, 'Ibarapa Central'),
(643, 31, 'Ibarapa East'),
(644, 31, 'Ibarapa North'),
(645, 31, 'Ido'),
(646, 31, 'Irepo'),
(647, 31, 'Iseyin'),
(648, 31, 'Itesiwaju'),
(649, 31, 'Iwajowa'),
(650, 31, 'Kajola'),
(651, 31, 'Lagelu'),
(652, 31, 'Ogbomosho North'),
(653, 31, 'Ogbomosho South'),
(654, 31, 'Ogo Oluwa'),
(655, 31, 'Olorunsogo'),
(656, 31, 'Oluyole'),
(657, 31, 'Ona Ara'),
(658, 31, 'Orelope'),
(659, 31, 'Ori Ire'),
(660, 31, 'Oyo'),
(661, 31, 'Oyo East'),
(662, 31, 'Saki East'),
(663, 31, 'Saki West'),
(664, 31, 'Surulere, Oyo State'),
(665, 32, 'Bokkos'),
(666, 32, 'Barkin Ladi'),
(667, 32, 'Bassa'),
(668, 32, 'Jos East'),
(669, 32, 'Jos North'),
(670, 32, 'Jos South'),
(671, 32, 'Kanam'),
(672, 32, 'Kanke'),
(673, 32, 'Langtang South'),
(674, 32, 'Langtang North'),
(675, 32, 'Mangu'),
(676, 32, 'Mikang'),
(677, 32, 'Pankshin'),
(678, 32, 'Qua\'an Pan'),
(679, 32, 'Riyom'),
(680, 32, 'Shendam'),
(681, 32, 'Wase'),
(682, 33, 'Abua/Odual'),
(683, 33, 'Ahoada East'),
(684, 33, 'Ahoada West'),
(685, 33, 'Akuku-Toru'),
(686, 33, 'Andoni'),
(687, 33, 'Asari-Toru'),
(688, 33, 'Bonny'),
(689, 33, 'Degema'),
(690, 33, 'Eleme'),
(691, 33, 'Emuoha'),
(692, 33, 'Etche'),
(693, 33, 'Gokana'),
(694, 33, 'Ikwerre'),
(695, 33, 'Khana'),
(696, 33, 'Obio/Akpor'),
(697, 33, 'Ogba/Egbema/Ndoni'),
(698, 33, 'Ogu/Bolo'),
(699, 33, 'Okrika'),
(700, 33, 'Omuma'),
(701, 33, 'Opobo/Nkoro'),
(702, 33, 'Oyigbo'),
(703, 33, 'Port Harcourt'),
(704, 33, 'Tai'),
(705, 34, 'Binji'),
(706, 34, 'Bodinga'),
(707, 34, 'Dange Shuni'),
(708, 34, 'Gada'),
(709, 34, 'Goronyo'),
(710, 34, 'Gudu'),
(711, 34, 'Gwadabawa'),
(712, 34, 'Illela'),
(713, 34, 'Isa'),
(714, 34, 'Kebbe'),
(715, 34, 'Kware'),
(716, 34, 'Rabah'),
(717, 34, 'Sabon Birni'),
(718, 34, 'Shagari'),
(719, 34, 'Silame'),
(720, 34, 'Sokoto North'),
(721, 34, 'Sokoto South'),
(722, 34, 'Tambuwal'),
(723, 34, 'Tangaza'),
(724, 34, 'Tureta'),
(725, 34, 'Wamako'),
(726, 34, 'Wurno'),
(727, 34, 'Yabo'),
(728, 35, 'Ardo Kola'),
(729, 35, 'Bali'),
(730, 35, 'Donga'),
(731, 35, 'Gashaka'),
(732, 35, 'Gassol'),
(733, 35, 'Ibi'),
(734, 35, 'Jalingo'),
(735, 35, 'Karim Lamido'),
(736, 35, 'Kumi'),
(737, 35, 'Lau'),
(738, 35, 'Sardauna'),
(739, 35, 'Takum'),
(740, 35, 'Ussa'),
(741, 35, 'Wukari'),
(742, 35, 'Yorro'),
(743, 35, 'Zing'),
(744, 36, 'Bade'),
(745, 36, 'Bursari'),
(746, 36, 'Damaturu'),
(747, 36, 'Fika'),
(748, 36, 'Fune'),
(749, 36, 'Geidam'),
(750, 36, 'Gujba'),
(751, 36, 'Gulani'),
(752, 36, 'Jakusko'),
(753, 36, 'Karasuwa'),
(754, 36, 'Machina'),
(755, 36, 'Nangere'),
(756, 36, 'Nguru'),
(757, 36, 'Potiskum'),
(758, 36, 'Tarmuwa'),
(759, 36, 'Yunusari'),
(760, 36, 'Yusufari'),
(761, 37, 'Anka'),
(762, 37, 'Bakura'),
(763, 37, 'Birnin Magaji/Kiyaw'),
(764, 37, 'Bukkuyum'),
(765, 37, 'Bungudu'),
(766, 37, 'Gummi'),
(767, 37, 'Gusau'),
(768, 37, 'Kaura Namoda'),
(769, 37, 'Maradun'),
(770, 37, 'Maru'),
(771, 37, 'Shinkafi'),
(772, 37, 'Talata Mafara'),
(773, 37, 'Chafe'),
(774, 37, 'Zurmi');

-- --------------------------------------------------------

--
-- Table structure for table `reports`
--

CREATE TABLE `reports` (
  `report_id` int(11) NOT NULL,
  `report_userid` int(11),
  `report_state` int(11),
  `report_lg` int(11) DEFAULT NULL,
  `report_comment` varchar(200),
  `report_date` timestamp NOT NULL DEFAULT CURRENT_TIMESTAMP,
  `report_street` varchar(200) NOT NULL,
  `report_status` varchar(200) NOT NULL,
  `report_landmark` varchar(200)
) ENGINE=InnoDB DEFAULT CHARSET=utf8;

--
-- Dumping data for table `reports`
--

INSERT INTO `reports` (`report_id`, `report_userid`, `report_state`, `report_lg`, `report_comment`, `report_date`, `report_street`, `report_status`, `report_landmark`) VALUES
(19, 14, NULL, NULL, 'Very poor road', '2019-12-07 23:00:00', 'Adetula', 'Pending', 'Mr Biggs'),
(20, 14, NULL, NULL, 'Very poor road', '2019-12-07 23:00:00', 'Adetula', 'Pending', 'Mr Biggs'),
(21, 14, NULL, NULL, 'Very poor road', '2019-12-07 23:00:00', 'Adetula', 'Pending', 'Mr Biggs'),
(22, 12, NULL, NULL, 'The roads are so terrible.', '2019-12-07 23:00:00', 'Ikoyi', 'Pending', 'Oando'),
(23, 12, NULL, NULL, 'The amount of time it takes to get to work is so exhausting, because the road has split into two.', '2019-12-07 23:00:00', 'Mushin', 'Pending', 'SilverBird Cinemas'),
(24, 12, NULL, NULL, 'Very Bad', '2019-12-07 23:00:00', 'Ikoyi', 'Pending', 'SilverBird Cinemas'),
(28, 14, NULL, NULL, 'zcdvfbgvnhbmjn,.m', '2019-12-07 23:00:00', 'Ikoyi', 'Pending', 'Mr Biggs'),
(29, 21, NULL, NULL, 'kjhgxvfcbvhbmj', '2019-12-07 23:00:00', '', 'Pending', 'SilverBird Cinemas'),
(30, 14, NULL, NULL, 'kjhgfdsghjkl', '2019-12-07 23:00:00', 'Mushin', 'Pending', 'SilverBird Cinemas'),
(31, 14, NULL, NULL, 'ghfghgfjghjgyjyu', '2019-12-08 23:00:00', 'Ikoyi', 'Pending', 'SilverBird Cinemas'),
(32, 14, NULL, NULL, 'afhjkijkhjgf', '2019-12-08 23:00:00', 'Ikoyi', 'Pending', 'Mr Biggs'),
(33, 14, NULL, NULL, 'fesrtyut', '2019-12-08 23:00:00', 'Ikoyi', 'Pending', 'SilverBird Cinemas'),
(34, 14, NULL, NULL, 'dsfgrtuiyrsetyd', '2019-12-08 23:00:00', 'Adetula', 'Pending', 'Mr Biggs'),
(35, 12, NULL, NULL, 'asynchronous javascript', '2019-12-08 23:00:00', 'Mushin', 'Pending', 'Mr Biggs'),
(36, 12, NULL, NULL, 'asdfghj', '2019-12-08 23:00:00', 'Ikoyi', 'Pending', 'SilverBird Cinemas'),
(37, 23, NULL, NULL, '1234567890', '2019-12-08 23:00:00', '', 'Pending', 'Mr Biggs'),
(38, 24, NULL, NULL, '3rtrynuj', '2019-12-08 23:00:00', '', 'Pending', 'SilverBird Cinemas'),
(39, 26, NULL, NULL, 'Very bad road', '2019-12-08 23:00:00', '', 'Pending', 'Genesis cinemas'),
(40, 25, NULL, NULL, 'The road is dilapidated and stretches for about 2 km from where it starts', '2019-12-09 23:00:00', 'Adetula', 'Pending', 'SilverBird Cinemas'),
(41, 25, 8, NULL, 'very bad road', '2019-12-09 23:00:00', 'Ikoyi', 'Pending', 'Genesis cinemas'),
(42, 25, 24, NULL, 'Hello!!!!', '2019-12-09 23:00:00', 'Adetula', 'Pending', 'Mr Biggs'),
(43, 25, 6, NULL, 'asdfbgn', '2019-12-09 23:00:00', 'Adetula', 'Pending', 'Mr Biggs'),
(44, 25, 2, NULL, 'afergthyjukiyjhtgdfsa', '2019-12-09 23:00:00', 'Ikoyi', 'Pending', 'Mr Biggs'),
(45, 27, 24, NULL, 'the whole road has different parts of it that has cracked and is now home to different potholes. This makes it extremely difficult to navigate.', '2019-12-09 23:00:00', '22,Adetula street, Papa Ajao, Lagos , Nigeria.', 'Pending', 'Mobil filling station'),
(46, 27, 24, NULL, 'Very poor roads', '2019-12-09 23:00:00', '22,Adetula street, Papa Ajao, Lagos , Nigeria.', 'Pending', 'Mr Biggs'),
(47, 27, 24, NULL, '1234', '2019-12-09 23:00:00', '22,Adetula street, Papa Ajao, Lagos , Nigeria.', 'Pending', 'SilverBird Cinemas'),
(48, 27, 24, NULL, 'Very poor quality of road when you enter into the street.', '2019-12-09 23:00:00', '43, Aminatu burdge street, Lasu Iyana Iba road, Lagos', 'Pending', 'Sprint Filling station'),
(49, 27, 25, NULL, 'asdfghjk', '2019-12-09 23:00:00', '22,Adetula street, Papa Ajao, Lagos , Nigeria.', 'Pending', 'Genesis cinemas'),
(50, 27, 28, NULL, 'qwerty', '2019-12-09 23:00:00', 'Ikoyi', 'Pending', 'Genesis cinemas'),
(51, 28, 12, NULL, 'Very poor road.', '2019-12-10 23:00:00', '43, Aminatu burdge street, Lasu Iyana Iba road, Lagos', 'Pending', 'Mobil filling station'),
(52, 28, 5, NULL, 'Adkfhndsfojlfdshnfdsk,f', '2019-12-10 23:00:00', '43, Aminatu burdge street, Lasu Iyana Iba road, Lagos', 'Pending', 'SilverBird Cinemas'),
(54, 29, NULL, NULL, 'axsdfghjkkkjh', '0000-00-00 00:00:00', '', 'Pending', 'Genesis cinemas'),
(55, 27, 9, NULL, 'asdfg', '0000-00-00 00:00:00', '22,Adetula street, Papa Ajao, Lagos , Nigeria.', 'Pending', 'SilverBird Cinemas'),
(56, 27, 6, NULL, 'egrdhfjg', '0000-00-00 00:00:00', '22,Adetula street, Papa Ajao, Lagos , Nigeria.', 'Pending', 'Mr Biggs'),
(78, 39, 1, 1, 'The road is an eyesore. Accidents occur almost every week due to the bad roads.', '2019-12-13 18:42:50', '3, Pound road,Aba.', 'Pending', 'Aba Big Market.'),
(80, 41, 25, 516, 'The conditions of the roads are terrible.', '2019-12-14 05:02:05', '2, Irewole Street, Opebi, Lagos', 'Finished', 'Slot'),
(81, 42, 25, 515, 'The potholes are so deep, they have formed a major part of the road.', '2019-12-14 12:18:00', 'Ifako Ijaiye Street, Ifaako , Lagos', 'Finished', ''),
(82, 43, 25, 521, 'Very poor quality of roads', '2019-12-14 12:23:55', 'Papa Ajao road, Mushin, Lagos.', 'Pending', 'Fortlad Schools'),
(83, 44, 25, 521, 'The road is not motorable at all.', '2019-12-14 12:26:07', 'Luth road, Idi-araba, Mushin, Lagos.', 'Pending', 'LUTH/CMUL'),
(84, 45, 25, 521, 'For a road that many trailers pass through, it is very bad and filled with potholes.', '2019-12-14 19:29:18', '27, Cash Street, Amu, Mushin, Lagos.', 'Pending', 'Amu Market'),
(85, 44, 25, 521, 'The entire road is so bad, at least an accident of some sort happens weekly.', '2019-12-14 19:31:14', '2, Adetula Street, Mushin, Lagos.', 'Pending', 'Success Secondary School'),
(86, 44, 25, 521, 'Terrible road, mar cars exhaust pipe has been replaced twice because of this.', '2019-12-15 09:04:12', '14, Onanuga Street, Mushin.', 'Pending', ''),
(87, 46, 25, 508, 'Very Terrible Roads', '2019-12-15 10:12:42', '43, Aminatu burdge street, Lasu Iyana Iba road, Lagos', 'Pending', 'grocery brazzar'),
(88, 47, 25, 521, 'Very collectively  bad  road, it stretches for about three kilometers.', '2019-12-15 14:19:06', '23, Wahabi street, Mushin, Lagos', 'Pending', ''),
(89, 46, 25, 521, 'The road is not motor-able at all. Most small cars find it difficult to pass through the place.', '2019-12-15 14:24:56', '23, Wey street, Mushin, Lagos.', 'Pending', 'Mushin market'),
(90, 46, 25, 516, 'The road is so bad, that it can hardly be passed through at night.', '2019-12-16 13:14:15', '2, Irewole strret, Opebi, Ikeja, Lagos.', 'Finished', 'Slot'),
(91, 49, 25, 521, 'Bad road', '2019-12-16 17:08:47', '22,Adetula street, Papa Ajao, Lagos , Nigeria.', 'Pending', ''),
(92, 50, 25, 521, 'The roads are so terrible. Not motorable in the least.', '2019-12-16 17:13:58', '23, Wahabi street, Mushin, Lagos', 'Pending', 'Mobil filling station'),
(93, 46, 25, 523, 'Very bad road.', '2019-12-16 17:17:50', 'Cappa Road, Oshidi Expressway , Lagos.', 'Pending', ''),
(94, 46, 25, 523, 'Very bad road.', '2019-12-16 17:19:12', 'Cappa Road, Oshidi Expressway , Lagos.', 'Pending', ''),
(95, 46, 1, 1, 'Poor rRoad', '2019-12-16 17:19:40', '23 Iweka road Onitsha.', 'Pending', ''),
(96, 46, 25, 521, 'The road is so poor, you have to be a very careful driver to navigate it. Even the best driver will find it difficult to navigate the road.', '2019-12-16 17:28:16', '22,Adetula street, Papa Ajao, Lagos , Nigeria.', 'Pending', ''),
(97, 46, 1, 1, 'BAD!!!!', '2019-12-16 17:31:35', '23 Iweka road Onitsha.', 'Pending', ''),
(98, 46, 1, 1, 'SO BAD!!!!', '2019-12-16 17:34:10', '23 Iweka road Onitsha.', 'Pending', ''),
(99, 46, 1, 1, 'SO BAD!!!!', '2019-12-16 17:34:48', '23 Iweka road Onitsha.', 'Pending', ''),
(100, 51, 25, 521, 'ROUGH!!!!', '2019-12-16 17:36:35', '22,Adetula street, Papa Ajao, Lagos , Nigeria.', 'Pending', ''),
(108, 14, 1, 1, 'Poor', '2019-12-16 17:59:38', '3, Pound road,Aba.', 'Pending', ''),
(109, 46, 1, 1, 'Bad Road', '2019-12-16 18:28:08', '3, Pound road,Aba.', 'Pending', ''),
(110, 52, 1, 1, 'The potholes on the road are bad.', '2019-12-17 08:28:48', '23 Iweka road Onitsha.', 'Pending', 'SilverBird Cinemas'),
(111, 53, 25, 521, 'The roads are so poor.', '2019-12-17 08:30:56', '22,Adetula street, Papa Ajao, Lagos , Nigeria.', 'Fixed', 'Mobil filling station'),
(112, 55, 1, 1, 'Bad road', '2019-12-17 19:31:15', '23 Iweka road Onitsha.', 'Pending', ''),
(113, 56, 1, 1, 'Bad road', '2019-12-17 19:31:43', '23 Iweka road Onitsha.', 'Pending', ''),
(114, 57, 2, 18, 'Bad road', '2019-12-17 19:32:08', '23 Iweka road Onitsha.', 'Pending', ''),
(115, 58, 2, 18, 'Bad road', '2019-12-17 19:32:37', '23 Iweka road Onitsha.', 'Pending', ''),
(116, 59, 21, 414, 'Bad road', '2019-12-17 19:35:56', 'Katsina Road', 'Pending', ''),
(117, 53, 4, 70, 'Bad', '2019-12-17 19:38:17', '22,Adetula street, Papa Ajao, Lagos , Nigeria.', 'Pending', ''),
(118, 53, 11, 212, 'Bad', '2019-12-17 19:38:47', '22,Adetula street, Papa Ajao, Lagos , Nigeria.', 'Pending', ''),
(119, 53, 11, 212, 'Bad', '2019-12-17 19:39:14', '22,Adetula street, Papa Ajao, Lagos , Nigeria.', 'Pending', ''),
(120, 53, 15, 276, 'Bad', '2019-12-17 19:39:42', '22,Adetula street, Papa Ajao, Lagos , Nigeria.', 'Pending', ''),
(121, 53, 2, 18, 'The quality of the road is so poor', '2019-12-18 21:40:50', 'Adamawa Market', 'Pending', ''),
(122, 53, 1, 1, 'The roads are so poor', '2019-12-19 08:31:41', '23 Iweka road Onitsha.', 'Pending', ''),
(123, 60, 20, 370, 'The quality of the road is poor', '2019-12-19 17:38:10', 'Kano street', 'Finished', ''),
(124, 61, 12, 225, 'Very bad road', '2019-12-19 20:38:31', 'Akoko-Edo street', 'Pending', ''),
(125, 62, 8, 142, 'Very poor road', '2019-12-19 20:51:13', 'Borno Way', 'Pending', ''),
(126, 53, 4, 70, 'Poor Quality of roads', '2019-12-19 20:55:32', '3, Pound road,Aba.', 'Pending', ''),
(127, 63, 5, 91, 'Very poor quality of road', '2019-12-20 06:56:47', 'Alkaleri street', 'Pending', 'Genesis cinemas'),
(128, 64, 5, 91, 'Bad road', '2019-12-20 07:33:29', 'Alkaleri Street', 'Pending', ''),
(129, 65, 25, 516, 'The rods are quite bad, we spend a lot of time in traffic.', '2019-12-20 08:09:40', '2, Irewole Street, Opebi, Lagos', 'Pending', ''),
(130, 66, 25, 524, 'The road is quite bad, and very had to navigate.', '2019-12-20 08:11:27', 'Shomolu Street', 'Fixed', ''),
(131, 67, 25, 521, 'The road spoilt my car. Try and avoid these road', '2019-12-20 10:30:11', '22,Adetula street, Papa Ajao, Lagos , Nigeria.', 'Pending', ''),
(132, 68, 25, 516, 'The road is absolutely terrible.', '2019-12-20 10:32:00', '2, Irewole Street, Opebi, Lagos', 'Operation Commenced On the road', ''),
(133, 68, 9, 169, 'Very poor Quality of roads', '2019-12-20 10:40:16', 'Abis street', 'Operation Commenced On the road', ''),
(134, 69, 25, 506, 'The road spoilt my car, i advise you to find another route', '2019-12-24 07:32:26', 'Markaz Street off Markaz arabic school.', 'Pending', ''),
(135, 70, 1, 1, 'Bad Roaad', '2020-01-26 15:36:09', '23 Iweka road Onitsha.', 'Pending', 'SilverBird Cinemas');

-- --------------------------------------------------------

--
-- Table structure for table `reports_images`
--

CREATE TABLE `reports_images` (
  `id` int(11) NOT NULL,
  `reports_id` int(11) NOT NULL DEFAULT '0',
  `images_path` varchar(100) NOT NULL
) ENGINE=InnoDB DEFAULT CHARSET=utf8;

--
-- Dumping data for table `reports_images`
--

INSERT INTO `reports_images` (`id`, `reports_id`, `images_path`) VALUES
(20, 20, 'uploads/download.jpg'),
(21, 21, 'uploads/download.jpg'),
(22, 22, 'uploads/download (1).jpg'),
(23, 23, 'uploads/download (2).jpg'),
(24, 24, 'uploads/download (2).jpg'),
(28, 28, 'uploads/download (2).jpg'),
(29, 29, 'uploads/download (2).jpg'),
(30, 30, 'uploads/download (1).jpg'),
(31, 31, 'uploads/download.jpg'),
(32, 32, 'uploads/1575889785.'),
(33, 33, 'uploads/1575889840.'),
(34, 34, 'uploads/1575889991.'),
(35, 35, 'uploads/1575891395.'),
(36, 36, 'uploads/1575891558.jpg'),
(37, 37, 'uploads/download (2).jpg'),
(38, 38, 'uploads/download (2).jpg'),
(39, 39, 'uploads/1575921930.jpg'),
(40, 40, 'uploads/1575960546.jpg'),
(41, 41, 'uploads/1575962425.jpg'),
(42, 42, 'uploads/1575964486.jpg'),
(43, 43, 'uploads/1575964887.jpg'),
(44, 44, 'uploads/1575965784.jpg'),
(45, 45, 'uploads/1575997229.jpg'),
(46, 46, 'uploads/1575997298.jpg'),
(47, 47, 'uploads/1575997343.jpg'),
(48, 48, 'uploads/1575997587.jpg'),
(49, 49, 'uploads/1575997665.jpg'),
(50, 50, 'uploads/1576000796.jpg'),
(51, 51, 'uploads/1576061926.jpg'),
(52, 52, 'uploads/1576063706.jpg'),
(58, 54, 'uploads/1576068648.jpg'),
(62, 55, 'uploads/1576069589.jpg'),
(63, 56, 'uploads/1576069616.jpg'),
(77, 30, 'uploads/1576082170.jpg'),
(84, 31, 'uploads/1576138196.jpg'),
(85, 32, 'uploads/1576138890.jpg'),
(92, 78, 'uploads/1576262570.jpg'),
(94, 80, 'uploads/1576299725.jpg'),
(95, 81, 'uploads/1576325880.jpg'),
(96, 82, 'uploads/1576326235.jpg'),
(97, 83, 'uploads/1576326367.jpg'),
(98, 84, 'uploads/1576351758.jpg'),
(99, 85, 'uploads/1576351874.jpg'),
(100, 86, 'uploads/1576400652.jpg'),
(101, 87, 'uploads/1576404762.jpg'),
(102, 88, 'uploads/1576419547.jpg'),
(103, 89, 'uploads/1576419896.jpg'),
(104, 90, 'uploads/1576502055.jpg'),
(105, 91, 'uploads/1576516127.jpg'),
(106, 91, 'uploads/1576516127.jpg'),
(107, 91, 'uploads/1576516127.jpg'),
(108, 91, 'uploads/1576516127.jpg'),
(109, 92, 'uploads/cf86dff35360570971785373737e47c4.jpg'),
(110, 92, 'uploads/8e45b06c88b3f2e8f8663cd8c75b0bf9.jpg'),
(111, 92, 'uploads/8493d1ddbc2363c4522f3b0db9446fb9.jpg'),
(112, 92, 'uploads/28e3b0138bafc2dc70b2be67ba5470d0.jpg'),
(114, 95, 'uploads/1576516780.jpg'),
(127, 100, 'uploads/cedd4a6d1ddb8e8fdfea2e2ecc95e120.jpg'),
(128, 100, 'uploads/399e5955c8a35d79dda16028ef8fa952.jpg'),
(129, 100, 'uploads/b2ed2b92459dfcf5eee7c005b5338602.jpg'),
(130, 100, 'uploads/d32f08326a40427348eb29c6d316f54e.jpg'),
(151, 108, 'uploads/1576519178.jpg'),
(152, 109, 'uploads/e739e4c958a4049b88f2520246b162e4.jpg'),
(153, 109, 'uploads/eac72f3d2b859e855d21f118d917b1f0.jpg'),
(154, 109, 'uploads/df4816b210bfcbe49bc42e44bbd19ba2.jpg'),
(155, 109, 'uploads/79a3175b1b3fdf051adcb0192654a374.jpg'),
(156, 110, 'uploads/a0ef2b8faad2d8ffd207245342ccdebd.jpg'),
(157, 110, 'uploads/1968b624099ebec88fff0f9025e51982.jpg'),
(158, 110, 'uploads/e82575e9ff0ff87ba4cbcfaec7c1094d.jpg'),
(159, 110, 'uploads/f0bdb668d5f78ba082f919df0c7792f4.jpg'),
(160, 111, 'uploads/8b7d9dee2c29d500627a37683d909de7.jpg'),
(161, 111, 'uploads/d65d59e648a42538ad0b966d2f57b50b.jpg'),
(162, 111, 'uploads/d65d59e648a42538ad0b966d2f57b50b.jpg'),
(163, 111, 'uploads/d65d59e648a42538ad0b966d2f57b50b.jpg'),
(164, 112, 'uploads/5d09c7a2bcff57d4a36226f6dbe9849e.jpg'),
(165, 112, 'uploads/55cc044aeb50bc2df61a14543fbb6946.jpg'),
(166, 112, 'uploads/d16bafe19c384806c2ccc9347e9d5e62.jpg'),
(167, 112, 'uploads/1e28fee60684941649c7a1b3d20af393.jpg'),
(168, 113, 'uploads/258c7045d15c78bd94a428ab154c38f4.jpg'),
(169, 113, 'uploads/b36c2a9770b6a06b06a3b065243a3fd9.jpg'),
(170, 113, 'uploads/4ffa9f76311162553f212d854a99f5bc.jpg'),
(171, 113, 'uploads/10d334c3906b644e16c7eae6a43eba8e.jpg'),
(172, 114, 'uploads/4c2b2174ea83333a6a692c4113a74632.jpg'),
(173, 114, 'uploads/207f2e4d589e3dd107080f0fb1aee532.jpg'),
(174, 114, 'uploads/6337b67ba27ec5d74f55dbf368911678.jpg'),
(175, 114, 'uploads/982be1728294be7318224cd7d3892fde.jpg'),
(176, 115, 'uploads/a7e5b42eed52a4bdacf969eb931e502a.jpg'),
(177, 115, 'uploads/c1faf967830f13b6ef9051006a2aa604.jpg'),
(178, 115, 'uploads/0486f73f897eda537b809900236e5d23.jpg'),
(179, 115, 'uploads/f961b4353a68fab946380ec635ee4a38.jpg'),
(180, 116, 'uploads/3a03d9fbb0b406eefe94feec8361f83d.jpg'),
(181, 116, 'uploads/678cb97c55d13c86c5642257afc3c1c5.jpg'),
(182, 116, 'uploads/f2c579990872f2a8804b70f192314e7c.jpg'),
(183, 116, 'uploads/cd04f3a8848320b6e396f857ad6f5ba4.jpg'),
(184, 117, 'uploads/f67f7ad010255bf6a76e018a7a03421e.jpg'),
(185, 117, 'uploads/49b1279258de52689397924f57414391.jpg'),
(186, 117, 'uploads/936ed9ecc556d92a7a9aea5ddf8d9b58.jpg'),
(187, 117, 'uploads/c5469ba3dc0c1648af79b5f56502ccff.jpg'),
(188, 118, 'uploads/48e20072d859825d30b3f9583a14bbe8.jpg'),
(189, 118, 'uploads/122ae3fec9c17e5717b21d37602e53af.jpg'),
(190, 118, 'uploads/38ac382dcc44ca15ca17b9f281eac287.jpg'),
(191, 118, 'uploads/7e6250a7bb2584245d7d014048b55844.jpg'),
(192, 119, 'uploads/058149144d5384e85380851455173964.jpg'),
(193, 119, 'uploads/931ca2b5d8bed741de746ee8fb1156ee.jpg'),
(194, 119, 'uploads/5f0a600e73ecb14bda9053069a8e9175.jpg'),
(195, 119, 'uploads/9ca9479b71bbfaa7fe7e19c8f65df440.jpg'),
(196, 120, 'uploads/c988ad45665d6578eeb926bcb7c37db5.jpg'),
(197, 120, 'uploads/5f49f9b37f348de5fcd5744250875c10.jpg'),
(198, 120, 'uploads/7e45a7bf671a5d895fbd553cb6d7219e.jpg'),
(199, 120, 'uploads/c0b14cf8436cb8173ade1da922645504.jpg'),
(200, 121, 'uploads/58831f5bde368a35138e8903cf6baff3.jpg'),
(201, 121, 'uploads/58831f5bde368a35138e8903cf6baff3.jpg'),
(202, 121, 'uploads/58831f5bde368a35138e8903cf6baff3.jpg'),
(203, 121, 'uploads/58831f5bde368a35138e8903cf6baff3.jpg'),
(204, 122, 'uploads/b22199ea6c7bf5f76d47a23edd6b908a.jpg'),
(205, 122, 'uploads/b22199ea6c7bf5f76d47a23edd6b908a.jpg'),
(206, 122, 'uploads/b22199ea6c7bf5f76d47a23edd6b908a.jpg'),
(207, 122, 'uploads/b22199ea6c7bf5f76d47a23edd6b908a.jpg'),
(208, 123, 'uploads/56c2acbb016e2e5b6492a1a483f26810.jpg'),
(209, 123, 'uploads/de69889d8ba3b7b1749ccee4d2d510b6.jpg'),
(210, 123, 'uploads/643547d56bd09e0d202428123d563a8f.'),
(211, 123, 'uploads/e6af523c8a056a667792914fc1a026c1.'),
(212, 124, 'uploads/8fc890225a6b2e9106edbb91d6d68745.jpg'),
(213, 124, 'uploads/25419d96a635946fc931f3177a026883.jpg'),
(214, 124, 'uploads/02ae292231db0b3d91753f45f5fe1a7d.jpg'),
(215, 124, 'uploads/08f1cc6ad9aa801a71adfa0ef31f3160.jpg'),
(216, 125, 'uploads/b64a58ae3d9f2f2e1275784eaccbbccb.jpg'),
(217, 125, 'uploads/7e7bbdf338bfa76b2bab55565e126a1b.jpg'),
(218, 125, 'uploads/73499385848e973f934a754020e7655c.'),
(219, 125, 'uploads/6294cc43b6c2613e48d196638341c652.'),
(220, 126, 'uploads/8a3b30a8dd9d190409153253ccfbb76a.jpg'),
(221, 126, 'uploads/b42d5c51ba2b62ca89c20d8ac3e6bbae.jpg'),
(222, 126, 'uploads/b42d5c51ba2b62ca89c20d8ac3e6bbae.jpg'),
(223, 126, 'uploads/b42d5c51ba2b62ca89c20d8ac3e6bbae.jpg'),
(224, 127, 'uploads/f1d4d5ce68bd625bd18bdeea2d0e4db0.jpg'),
(225, 127, 'uploads/35eb0ef2f6a537694f0729d9fd3ea88a.jpg'),
(226, 127, 'uploads/8f253a53260c15ae5414e5d33da2267b.jpg'),
(227, 127, 'uploads/46b57811401aff79978c79bf63cf6582.jpg'),
(228, 128, 'uploads/a1731f75d472f09eed1f74b6280c73cc.jpg'),
(229, 128, 'uploads/4757961e915c7b10aa1409d5cf613377.jpg'),
(230, 128, 'uploads/0d193cedde28997a52a2a5378498b73e.jpg'),
(231, 128, 'uploads/5cdc4ebae16bf53a3c052708e57734d1.jpg'),
(232, 129, 'uploads/58fe8e9954e11ca72de8933cbc52b0fb.jpg'),
(233, 129, 'uploads/b7d9811754c49a9a5f789b0a211f13d3.jpg'),
(234, 129, 'uploads/28634239cc513b118bc5e41f9e8c18d6.jpg'),
(235, 129, 'uploads/54ad4666878b12a07917330cf9bb98b2.jpg'),
(236, 130, 'uploads/0e357c901e281968424f58f847dc662f.jpg'),
(237, 130, 'uploads/966a0bab6f568de78ff6e4e634feccc3.jpg'),
(238, 130, 'uploads/d3369582bbbe896a35f1b1d393e0b1c3.jpg'),
(239, 130, 'uploads/d3369582bbbe896a35f1b1d393e0b1c3.jpg'),
(240, 131, 'uploads/9539995ced29b7c5ad1e72525bbdf69f.jpg'),
(241, 131, 'uploads/b4840d91421205bb905c865b6152d479.jpg'),
(242, 131, 'uploads/6ce47839645fab732907d50ed4ef49f8.jpg'),
(243, 131, 'uploads/9de043ba33f8651547c4bd108dd1d7f1.jpg'),
(244, 132, 'uploads/039afe44311f9559d4eca6c320ee60b3.jpg'),
(245, 132, 'uploads/3b8c963b595b7b7d3effab9d00f0cc84.jpg'),
(246, 132, 'uploads/f54d074c3c15ffdfa2b000ff69494d16.jpg'),
(247, 132, 'uploads/f54d074c3c15ffdfa2b000ff69494d16.jpg'),
(248, 133, 'uploads/173993910c91185aae8110f7932ab1e1.jpg'),
(249, 133, 'uploads/7fa4ae00cdfd2403b99c3de683258a4f.jpg'),
(250, 133, 'uploads/e63629b421b33a0d7db34481f85655c0.jpg'),
(251, 133, 'uploads/b8dcf0d3cadfa4270f3aa7e21c6255a3.jpg'),
(252, 134, 'uploads/0fdedb7e9313c6b17a5436c9cbb1b747.jpg'),
(253, 134, 'uploads/771889eb8aa977796e16336ff2d44225.jpg'),
(254, 134, 'uploads/f102266c23656cca9a7da04f89c4b6ff.jpg'),
(255, 134, 'uploads/8d9809fe25051e710f78ce1e299f6457.jpg'),
(256, 135, 'uploads/8f59b87252d546737edf334a693c5991.jpg'),
(257, 135, 'uploads/f435566e7ba66609e25793781d985412.jpg'),
(258, 135, 'uploads/f435566e7ba66609e25793781d985412.jpg'),
(259, 135, 'uploads/f435566e7ba66609e25793781d985412.jpg');

-- --------------------------------------------------------

--
-- Table structure for table `states`
--

CREATE TABLE `states` (
  `id` int(11) NOT NULL,
  `name` varchar(255) NOT NULL
) ENGINE=InnoDB DEFAULT CHARSET=utf32 COMMENT='States in Nigeria.';

--
-- Dumping data for table `states`
--

INSERT INTO `states` (`id`, `name`) VALUES
(1, 'Abia'),
(2, 'Adamawa'),
(3, 'Akwa Ibom'),
(4, 'Anambra'),
(5, 'Bauchi'),
(6, 'Bayelsa'),
(7, 'Benue'),
(8, 'Borno'),
(9, 'Cross River'),
(10, 'Delta'),
(11, 'Ebonyi'),
(12, 'Edo'),
(13, 'Ekiti'),
(14, 'Enugu'),
(15, 'FCT'),
(16, 'Gombe'),
(17, 'Imo'),
(18, 'Jigawa'),
(19, 'Kaduna'),
(20, 'Kano'),
(21, 'Katsina'),
(22, 'Kebbi'),
(23, 'Kogi'),
(24, 'Kwara'),
(25, 'Lagos'),
(26, 'Nasarawa'),
(27, 'Niger'),
(28, 'Ogun'),
(29, 'Ondo'),
(30, 'Osun'),
(31, 'Oyo'),
(32, 'Plateau'),
(33, 'Rivers'),
(34, 'Sokoto'),
(35, 'Taraba'),
(36, 'Yobe'),
(37, 'Zamfara');

-- --------------------------------------------------------

--
-- Table structure for table `users`
--

CREATE TABLE `users` (
  `users_id` int(11) NOT NULL,
  `users_name` varchar(50) DEFAULT NULL,
  `users_email` varchar(50) DEFAULT NULL,
  `users_phone` varchar(45) DEFAULT NULL,
  `users_password` varchar(45) DEFAULT NULL
) ENGINE=InnoDB DEFAULT CHARSET=utf8;

--
-- Dumping data for table `users`
--

INSERT INTO `users` (`users_id`, `users_name`, `users_email`, `users_phone`, `users_password`) VALUES
(1, 'Ojodu Uthman', 'ojoduuthman2013@gmail.com', '08037153806', '12345'),
(2, 'uthman ojodu', 'abdulbasitojodu@yahoo.com', '08037153806', '12345'),
(3, 'O', 'ojoduuthman2017@gmail.com', '08037153806', 'abcd'),
(4, 'Ojodu Uthman', 'ojoduuthman@yahoo.com', '08037153806', '12345'),
(5, 'Ojodu Uthman', 'ojoduuthman2013@gmail.com', '09045566787', '$827ccb0eea8a706c4c34a16891f84e7b'),
(6, '', '', '', 'd41d8cd98f00b204e9800998ecf8427e'),
(7, '', '', '', 'd41d8cd98f00b204e9800998ecf8427e'),
(8, 'Ojodu Uthman', 'ojoduuthman2013@gmail.com', '09045566787', '827ccb0eea8a706c4c34a16891f84e7b'),
(9, 'Ojodu Uthman', 'ojoduuthman2013@gmail.com', '09045566787', '827ccb0eea8a706c4c34a16891f84e7b'),
(10, '', '', '', 'd41d8cd98f00b204e9800998ecf8427e'),
(11, 'Ozil Phillips', 'ojoduuthman2013@gmail.com', '08037153806', '827ccb0eea8a706c4c34a16891f84e7b'),
(12, 'MI Abaga', 'abaga@yahoo.com', '09045566787', '827ccb0eea8a706c4c34a16891f84e7b'),
(13, 'Ojodu Uthman', 'ojoduuthman2013@gmail.com', '08037153806', '827ccb0eea8a706c4c34a16891f84e7b'),
(14, 'Lanre Teriba', 'teriba@gmail.com', '09045566787', '827ccb0eea8a706c4c34a16891f84e7b'),
(15, 'Ozil Phillips', 'abdulbasitojodus@yahoo.com', '08037153806', '827ccb0eea8a706c4c34a16891f84e7b'),
(16, 'Adenuga Rasheed', 'abagas@yahoo.com', '09045566787', '827ccb0eea8a706c4c34a16891f84e7b'),
(17, 'Muhammad Ojodu', 'muhammad@gmail.com', '09052163723', 'a7777999e260290f68a1455cacdabf6c'),
(18, 'Ozil Phillips', 'ojoduuthmans2013@gmail.com', '09045566787', '827ccb0eea8a706c4c34a16891f84e7b'),
(20, 'admin', 'admin@gmail.com', '08037153806', '21232f297a57a5a743894a0e4a801fc3'),
(21, 'Lanre Teriba', 'ojoduuthman2013@gmail.com', '08037153806', NULL),
(22, 'Ozil Phillips', 'abdulbasitojodus@yahoo.com', '08037153806', '827ccb0eea8a706c4c34a16891f84e7b'),
(23, 'MI Abaga', 'teriba@gmail.com', '08037153806', NULL),
(24, 'uthman ojodu', 'ojoduuthman2017@gmail.com', '08037153806', NULL),
(25, 'Lionel Ronaldo', 'penaldo@yahoo.com', '08037153806', 'c5aa3124b1adad080927ce4d144c6b33'),
(26, 'asmau hamzah', 'asmau@gmail.com', '09045566787', NULL),
(27, 'Isco Alarcon', 'alarcon@gmail.com', '09037153806', '827ccb0eea8a706c4c34a16891f84e7b'),
(28, 'Praise Adekunle', 'praise@gmail.com', '08037153806', '827ccb0eea8a706c4c34a16891f84e7b'),
(29, 'osa osadebe', 'osadebe@gmail.com', '08037153806', NULL),
(30, 'Mustapha Mustapha Idowu', 'idowu@gmail.com', '08037153806', NULL),
(31, 'Charlie Chaplin', 'chaplin@gmail.com', '09052163723', NULL),
(32, 'Ozil Phillips', 'ojoduuthman2017@gmail.com', '09045566787', NULL),
(33, 'Ozil Phillips', 'ojoduuthman2017@gmail.com', '09045566787', NULL),
(34, 'Ozil Phillips', 'ojoduuthman2017@gmail.com', '09045566787', NULL),
(35, 'Olanrewaju brymo', 'brymo@gmail.com', '09052163723', '827ccb0eea8a706c4c34a16891f84e7b'),
(36, 'Muhammad Ojodu', 'ojodu@gmail.com', '08037153806', '827ccb0eea8a706c4c34a16891f84e7b'),
(37, 'Sami Khedira', 'khedira@gmail.com', '09045566787', 'b5a7c8f2875dd31a812ce287efd8dfd5'),
(38, 'Bimbo Thomas', 'thomas@gmail.com', '08037153806', 'f1bed5f3fb2afaf7bd05e4e9c9fa96eb'),
(39, 'Adebisi Konga', 'konga123@gmail.com', '09037153806', NULL),
(40, 'Omaumi waje', 'waje@gmail.com', '09087675432', NULL),
(41, 'Remilekun Safaru', 'safaru@gmail.com', '09098987898', NULL),
(42, 'Osanyem Osadebe', 'osadebe@gmail.com', '09037153806', NULL),
(43, 'Tope Alabi', 'alabi@gmail.com', '08076543219', NULL),
(44, 'Ojodu Arafat', 'ojoaraf@yahoo.com', '09045566787', '827ccb0eea8a706c4c34a16891f84e7b'),
(45, 'Federico Valverde', 'fede@gmail.com', '09087878685', NULL),
(46, 'Ojodu Suliat', 'ojosul@yahoo.com', '08037153806', '827ccb0eea8a706c4c34a16891f84e7b'),
(47, 'Abu Bakr', 'abu@gmail.com', '09076565453', NULL),
(48, 'Lanre Elnino', 'nino@yahoo.com', '08090909090', '827ccb0eea8a706c4c34a16891f84e7b'),
(49, 'Ojodu Uthman', 'ojoduuthman2013@gmail.com', '08037153806', NULL),
(50, 'Drake Aubrey', 'aubrey@gmail.com', '09098987676', NULL),
(51, 'uthman ojodu', 'abaga@yahoo.com', '08037153806', NULL),
(52, 'Ojodu Uthman', 'ojoduuthman2014@gmail.com', '08037153806', NULL),
(53, 'Sarah suah', 'suah@gmail.com', '08037153806', '827ccb0eea8a706c4c34a16891f84e7b'),
(54, 'Osanyem Osadebe', 'osanyem@gmail.com', '0908787876', '827ccb0eea8a706c4c34a16891f84e7b'),
(55, 'Lanre Teriba', 'teriba@gmail.com', '08037153806', NULL),
(56, 'Lanre Teriba', 'teriba@gmail.com', '08037153806', NULL),
(57, 'Lanre Teriba', 'teriba@gmail.com', '08037153806', NULL),
(58, 'Lanre Teriba', 'teriba@gmail.com', '08037153806', NULL),
(59, 'Sami', 'sami@gmail.com', '08037153806', NULL),
(60, 'Ojodu Uthman', 'ojosul@yahoo.com', '08090909090', NULL),
(61, 'Alexis Sanchez', 'sanchez@gmail.com', '09090909090', NULL),
(62, 'Phillip Lahm', 'lahm@gmail.com', '090909090', NULL),
(63, 'Olanrewaju brymo', 'brymo@gmail.com', '09037153806', NULL),
(64, 'James Adah', 'adah@gmail.com', '090909090', NULL),
(65, 'Ojodu Uthman', 'ojoduuthman2013@gmail.com', '09037153806', NULL),
(66, 'Franklin Ubah', 'franklin@gmail.com', '08037153806', '827ccb0eea8a706c4c34a16891f84e7b'),
(67, 'Israel Phillips', 'phillips@gmail.com', '09090909090', NULL),
(68, 'Babatunde Ismail', 'ismail@gmail.com', '08037153806', '81dc9bdb52d04dc20036dbd8313ed055'),
(69, 'Umar Oluwo', 'oluwo@gmail.com', '08037153806', '827ccb0eea8a706c4c34a16891f84e7b'),
(70, 'Amaka Dissapoint', 'amaka@gmail.com', '09089898989', '827ccb0eea8a706c4c34a16891f84e7b');

--
-- Indexes for dumped tables
--

--
-- Indexes for table `admin`
--
ALTER TABLE `admin`
  ADD PRIMARY KEY (`id`);

--
-- Indexes for table `comments`
--
ALTER TABLE `comments`
  ADD PRIMARY KEY (`id`),
  ADD KEY `report_id` (`report_id`);

--
-- Indexes for table `local_governments`
--
ALTER TABLE `local_governments`
  ADD PRIMARY KEY (`id`),
  ADD KEY `state_id` (`state_id`);

--
-- Indexes for table `reports`
--
ALTER TABLE `reports`
  ADD PRIMARY KEY (`report_id`),
  ADD KEY `report_userid` (`report_userid`),
  ADD KEY `FK_reports_states` (`report_state`),
  ADD KEY `FK_reports_local_governments` (`report_lg`);

--
-- Indexes for table `reports_images`
--
ALTER TABLE `reports_images`
  ADD PRIMARY KEY (`id`),
  ADD KEY `reports_id` (`reports_id`);

--
-- Indexes for table `states`
--
ALTER TABLE `states`
  ADD PRIMARY KEY (`id`);

--
-- Indexes for table `users`
--
ALTER TABLE `users`
  ADD PRIMARY KEY (`users_id`);

--
-- AUTO_INCREMENT for dumped tables
--

--
-- AUTO_INCREMENT for table `admin`
--
ALTER TABLE `admin`
  MODIFY `id` int(11) NOT NULL AUTO_INCREMENT, AUTO_INCREMENT=2;

--
-- AUTO_INCREMENT for table `comments`
--
ALTER TABLE `comments`
  MODIFY `id` int(11) NOT NULL AUTO_INCREMENT;

--
-- AUTO_INCREMENT for table `local_governments`
--
ALTER TABLE `local_governments`
  MODIFY `id` int(11) NOT NULL AUTO_INCREMENT, AUTO_INCREMENT=775;

--
-- AUTO_INCREMENT for table `reports`
--
ALTER TABLE `reports`
  MODIFY `report_id` int(11) NOT NULL AUTO_INCREMENT, AUTO_INCREMENT=136;

--
-- AUTO_INCREMENT for table `reports_images`
--
ALTER TABLE `reports_images`
  MODIFY `id` int(11) NOT NULL AUTO_INCREMENT, AUTO_INCREMENT=260;

--
-- AUTO_INCREMENT for table `users`
--
ALTER TABLE `users`
  MODIFY `users_id` int(11) NOT NULL AUTO_INCREMENT, AUTO_INCREMENT=71;

--
-- Constraints for dumped tables
--

--
-- Constraints for table `comments`
--
ALTER TABLE `comments`
  ADD CONSTRAINT `FK_comments_reports` FOREIGN KEY (`report_id`) REFERENCES `reports` (`report_id`);

--
-- Constraints for table `local_governments`
--
ALTER TABLE `local_governments`
  ADD CONSTRAINT `FK` FOREIGN KEY (`state_id`) REFERENCES `states` (`id`) ON DELETE NO ACTION ON UPDATE NO ACTION;

--
-- Constraints for table `reports`
--
ALTER TABLE `reports`
  ADD CONSTRAINT `FK_reports_local_governments` FOREIGN KEY (`report_lg`) REFERENCES `local_governments` (`id`),
  ADD CONSTRAINT `FK_reports_states` FOREIGN KEY (`report_state`) REFERENCES `states` (`id`),
  ADD CONSTRAINT `FK_reports_users` FOREIGN KEY (`report_userid`) REFERENCES `users` (`users_id`);

--
-- Constraints for table `reports_images`
--
ALTER TABLE `reports_images`
  ADD CONSTRAINT `FK_reports_images_reports` FOREIGN KEY (`reports_id`) REFERENCES `reports` (`report_id`) ON DELETE CASCADE;
COMMIT;

/*!40101 SET CHARACTER_SET_CLIENT=@OLD_CHARACTER_SET_CLIENT */;
/*!40101 SET CHARACTER_SET_RESULTS=@OLD_CHARACTER_SET_RESULTS */;
/*!40101 SET COLLATION_CONNECTION=@OLD_COLLATION_CONNECTION */;
